Age,Study_Hours,Attendance,Marks
24,3.779355965305331,68.26737439506982,58.8
21,4.367668206380455,70.95844509284535,61.06
22,2.0351515062821735,68.58356478833497,33.57
24,4.542304967521968,75.09036332911903,76.18
20,6.925282579999404,61.55852529240934,78.71
22,4.580615126326004,84.73015537351571,73.21
22,3.451914138506992,73.46216859554906,66.53
24,4.280443709416025,86.22890541522969,69.87
19,6.448166503051754,75.4158648386226,80.78
20,4.488470726082115,87.26454675891159,77.91
24,6.699842408124699,73.6249827785696,85.35
20,2.3773515484977814,70.42778112943613,50.12
20,3.259390090877852,79.84149817173625,50.4
22,3.9867135607369524,87.71561434767757,73.01
21,2.3800986255750516,73.93346417812789,50.49
20,10.887326832962568,97.46592607422829,119.23
23,2.807468409437289,61.56745306702585,49.51
22,6.829768643852024,76.71784126862315,75.01
19,3.6678787595391427,98.7032220608099,80.53
21,3.972425016983508,81.9188753299235,59.04
23,5.602645601899269,76.93883769232474,83.66
23,2.0829661580264847,82.74081134999832,45.7
19,3.674523373243573,83.03698301032338,65.41
21,4.707054386516767,89.26591021198561,68.8
22,3.307965967088588,65.10758917689863,57.49
18,3.355021262439875,70.00065796864419,53.66
21,7.173454046078548,83.22176049375639,93.02
19,7.009973761405265,94.68466428838889,94.03
23,4.116467953547974,82.47466768575094,59.09
22,4.8316698296376455,69.5438743916136,68.99
21,7.474032145872923,87.19379119600984,92.15
18,2.147042230548895,89.59635041789498,58.24
18,5.676045317750283,69.52944609615918,72.04
20,8.949142393906973,75.10915544705179,101.25
20,8.930069527850929,81.37309894122254,112.4
24,1.1201775627935135,79.8624476273231,52.81
19,3.4747460715696965,75.58472344876813,61.96
21,5.337318774386589,71.90540698037243,70.03
21,2.356246098733122,63.99939548647453,42.58
24,3.6635066017351754,62.13941186989476,50.07
23,4.72541799264146,98.34165987532793,74.01
23,7.802643129387249,93.88572576382359,98.61
24,4.909194689426327,74.19620761850882,78.77
23,5.4338734523246845,98.27203540505826,81.79
20,6.024847464743207,87.07079617697212,76.9
21,6.086977382484872,79.3008379857057,80.62
24,5.056198926696403,79.72102631087219,73.23
21,2.6058258733233943,63.331376447810385,46.36
18,6.5793456095013445,63.668165890339246,82.1
20,5.862978926526084,84.09763703604476,80.89
22,2.806495402845621,82.14812209383203,59.15
20,3.6353968721594554,68.50911580096916,52.59
24,6.775023228832538,97.84778171526762,102.24
22,6.21096626169535,91.2518420188481,87.45
18,3.5594040142823737,64.53858408069792,56.29
24,4.460132461848619,97.2371642274917,70.65
19,4.713075540738622,98.9699283413764,79.65
21,6.23400755143026,99.83724968121317,93.06
18,7.497881398279822,62.234846187094,79.03
21,5.131298316222449,89.48142227164035,68.55
23,7.3384152939052445,81.83663080659956,92.91
19,6.746633938178853,88.23325935514778,86.82
19,5.411300268013341,98.7460777589654,84.09
18,2.1130332966075227,87.52120040700156,45.46
19,2.9445782718230222,93.47855496949495,53.15
22,6.482481270090436,94.67474821243366,90.76
19,1.578940842949938,93.53923055055941,48.3
21,5.237956983791971,77.04365900187764,62.17
21,7.00097121552421,68.90305670284123,90.28
24,5.304841724518519,75.86606407817007,66.25
21,3.797205508856547,95.67587635107107,81.51
24,3.306771286270407,65.86419286768103,49.68
21,6.632305445762741,80.53304674769572,87.28
22,5.943414583053958,69.32912289698112,83.51
24,4.42902139802734,83.25221668907129,76.13
20,7.1305849376919,94.52554087956015,104.79
23,6.707995572989803,95.21439874553667,84.13
18,8.577187714650925,69.46740774728315,90.73
21,6.133788141574175,96.30774825394185,88.72
19,4.670999131676191,83.67554955285138,75.04
21,4.714018130584947,74.00872986801254,67.26
19,1.1308596089979006,88.327247823328,36.19
23,5.301318086966561,79.26667951856462,76.6
23,4.968570120295107,75.11950360489018,68.83
23,2.33985186897043,88.20337457186639,52.97
19,4.949424748857744,69.94896617721152,56.19
21,7.6863364245935575,73.21010116076394,94.76
23,3.530904700104947,77.37807377953085,59.92
22,3.0802107357721873,70.14728695492555,61.68
24,7.209856436900298,76.20808347125669,87.79
19,6.268480592528579,82.85892100820043,86.12
19,11.12219042875652,89.63895443642673,128.99
21,2.3628596784837748,90.68779412434287,46.45
19,6.440774484076393,92.91161407506772,101.77
19,5.631781814304632,89.76846627773192,78.81
23,5.118562568106392,87.24157708387636,78.32
21,6.821024436989336,69.5002588516988,85.57
23,4.94054928462522,76.008915714881,65.85
24,1.1272475800307995,79.1085956352091,49.9
24,3.305284943774713,63.31565286773417,53.1
23,7.728866894640637,81.13480485188836,93.22
24,7.344057807608801,77.45343326426223,90.43
21,4.253761620699274,92.08436996106937,74.69
18,6.007194128289635,99.11602675017083,87.76
23,10.567876092979674,82.24020154570339,121.85
22,4.937626403666312,72.90745553110335,60.24
22,4.976833360436013,61.73603133192691,60.77
19,5.381197410229046,96.98573320894384,71.15
24,6.21395141913725,96.76462861114638,98.4
22,4.302197634454497,70.11960671956965,72.39
19,6.212258726198169,87.81644492426591,87.96
18,1.1115408125008006,63.01738188359077,29.04
21,5.672797527572505,66.64861727637012,83.99
21,5.101259621830333,68.67236426345966,65.26
21,4.565086046191952,71.7797578735772,64.17
22,4.049485303199049,99.83325500117482,73.13
18,3.781253248231173,87.87700223455259,67.66
22,3.3729578060799534,75.3680732551688,60.35
24,0.3638635036243425,89.48402823372078,42.12
22,4.4639632963142555,96.61017366676425,73.63
18,7.192659579082178,98.34809629631386,100.22
18,4.329177951858321,62.31455591030829,58.61
24,6.270225101803958,75.7808719443252,83.37
18,2.839598259919029,64.27024263743537,50.91
18,2.388604891917819,73.42640259187853,52.29
21,3.4984763138646544,66.78719615582263,57.89
24,2.949000260559688,85.87393446674895,55.73
20,2.633920777329895,75.53073535959489,53.58
20,5.899548076977467,69.17578982819799,78.13
18,8.557848687771923,70.63751699856957,90.26
20,3.6661132500869744,74.41380380821073,57.72
20,1.616363487499394,70.3979945141705,44.13
18,6.31359466232796,78.12963387315324,90.31
20,2.128198361251936,61.29263804438602,45.67
22,2.633468757091162,71.19054028675782,58.41
19,5.98999130838339,76.44826883488744,76.51
24,4.669380770892875,84.11127528093195,72.25
19,3.6256496493349797,70.83830570060519,61.37
18,5.136702502207658,65.32740500895,55.59
21,4.1811823388568845,63.04801518396653,66.22
24,8.779095312253165,97.62127308541534,99.98
18,3.6483905315572067,76.66556230953917,64.84
21,3.1731749253551698,83.24650484723306,62.12
19,4.089933652024867,96.76706207342238,59.73
18,4.174476773619787,63.30993680141225,47.27
24,6.191287303608643,95.06645943703171,94.72
24,1.0169244269371722,82.0635149017628,47.03
23,5.852051733668004,66.59337044548003,69.05
22,3.917429116720065,76.45020466341477,57.51
20,6.5536460088512065,91.10409134940902,91.43
21,4.9047125776859115,79.21480327465419,70.86
23,6.037388915435559,99.41144202662016,93.34
20,4.217196375836337,75.06955879751763,66.16
20,5.87604519484335,89.98313199904288,90.92
18,8.327539578896502,75.71957795915436,101.76
20,3.5215271370897856,93.16656882826058,69.04
22,4.7856110496777475,82.7632587666299,69.63
24,4.027565428493752,62.54047318360006,55.11
23,8.185963588518929,61.47287470543966,89.82
20,4.132116801979897,65.35408475202533,68.4
18,3.5346155973923112,60.54687859307989,50.46
22,3.843446172071725,63.01436241409849,57.26
19,4.728565235363536,87.66857588675649,61.67
24,3.4129899646547783,81.37385100117852,63.23
24,4.263100021826607,89.99642997879887,81.39
23,5.3144037101941555,96.52663009030572,76.46
24,4.769053180152534,83.40598129301888,87.39
20,6.663417153951695,89.04483376287392,89.84
18,4.361289844370444,90.28324808169823,58.14
24,4.590766989044823,75.11402197103146,64.84
24,5.542123497484527,69.64339329318527,78.85
19,9.489613212021126,68.201813140261,113.19
19,3.4247961792822568,70.05769758047194,59.01
21,8.847248824290558,70.98927188103636,107.01
22,2.6328536641109244,68.28910596032226,42.49
20,5.457940864460875,95.12882669916769,78.31
24,4.321227413643606,90.27996528688915,62.28
24,3.3694581269561525,61.875858711648796,48.68
18,6.3981847637199785,70.74689928101229,83.29
21,6.199793267422011,60.88738968121206,75.02
22,4.037503732352988,79.92660746583572,68.61
21,0.8124119919298742,79.04842787156056,33.44
23,4.159905070744967,93.25485960250005,66.2
22,5.278408221913632,72.31108959084197,72.17
24,5.003627222389352,92.6554294085225,74.08
24,6.5118705635833045,98.71895061759292,98.09
22,8.867085258859984,63.536328934625864,93.21
24,5.827749674501614,91.67271357878532,80.81
20,6.13553673551525,83.59823588550545,84.62
22,5.296363462758299,79.201838680739,72.11
21,7.344871564784485,76.821431146603,83.31
22,6.062800021920659,91.38673055777238,79.56
24,6.498211353928648,85.5744542789697,88.9
20,8.617913658040326,92.20178670077448,99.03
20,5.4539686024386995,96.12604234706505,89.07
23,4.458075475664523,84.69054848389169,66.09
21,5.892578696003836,99.21850900369512,89.91
19,7.272484634238525,84.3235139816754,88.76
19,6.0028535140521635,85.4657728648913,77.63
22,7.121277157642821,82.19262434168903,91.08
